no,SrNo,PDF_name,Type,composition_final,Element,Fractions,Fracs,Fraction,Frac,Temperature_in_plot,Pressure_plot,Pressure unit,unit,Temperature(oC)_graph,Temperature,Temperature_1,Ln(P)_Mpa,Pressure_bar,AN,Period,AR,CR,VWR,EN,Density,EA,MP,BP,VEC,FIE,TC,BM,HF,MV,Mass,SH,M-M_Eng,M-M_Bond,M-H_Bond,M-H_Eng,formation_H,en_at_H,formation_M,en_at_M,vol_H,vol_M,vol_diff,Relative_Vol,RC_Vol,EN.Diff,M-H.EN.Diff,Atomic.Size.Diff,dSmix,Composition,Top_Intensity_1,Top_Intensity_2,Top_Intensity_3,Top_Intensity_4,Top_Intensity_5,Top_Intensity_6,Top_Intensity_7,Top_Intensity_8,Top_Intensity_9,Top_Intensity_10,Corresponding_Angle_1,Corresponding_Angle_2,Corresponding_Angle_3,Corresponding_Angle_4,Corresponding_Angle_5,Corresponding_Angle_6,Corresponding_Angle_7,Corresponding_Angle_8,Corresponding_Angle_9,Corresponding_Angle_10
3,4,9,PCI,Ce0.05Mg0.9Sm0.05,Mg    Ce   Sm  ,  90   5   5,100,0.9 0.05 0.05,0.9 0.05 0.05,1.53356075571089,1.81673251278934,Ln(P) (MPa),1000/T,379.077197643497,653,653,-0.4912,6.11891683426015,16.8,3.3,1.622,117,222.5,1.2935,2.268,0.05,950.7,1531.1,2.1,7.444,145.2,43.5,8.53,14.652,36.403,937.4,-1.222,3.393,1.8015,-2.831,-0.327,-3.245,0.009,-1.9635,68.6625,46.691,0.2745,0.002255479274851,13.473415576725,0.05,-0.9065,4.12,3.2792,Mg 90 Ce 5 Sm 5,1.00413223140496,0.981404958677686,0.871900826446281,0.830578512396694,0.820247933884297,0.762396694214876,0.570247933884297,0.446280991735537,0.413223140495868,0.34504132231405,35.2238805970149,31.9402985074627,15.8955223880597,31.3432835820895,35.9701492537313,28.955223880597,25.5970149253731,34.3283582089552,18.955223880597,33.8059701492537
4,5,9,PCI,Ce0.05Mg0.9Sm0.05,Mg    Ce   Sm  ,  90   5   5,100,0.9 0.05 0.05,0.9 0.05 0.05,1.58202350200071,1.31412399331409,Ln(P) (MPa),1000/T,359.101861151461,633,633,-0.9624,3.81975044898627,16.8,3.3,1.622,117,222.5,1.2935,2.268,0.05,950.7,1531.1,2.1,7.444,145.2,43.5,8.53,14.652,36.403,937.4,-1.222,3.393,1.8015,-2.831,-0.327,-3.245,0.009,-1.9635,68.6625,46.691,0.2745,0.002326855201271,13.8997894873809,0.05,-0.9065,4.12,3.2792,Mg 90 Ce 5 Sm 5,1.00413223140496,0.981404958677686,0.871900826446281,0.830578512396694,0.820247933884297,0.762396694214876,0.570247933884297,0.446280991735537,0.413223140495868,0.34504132231405,35.2238805970149,31.9402985074627,15.8955223880597,31.3432835820895,35.9701492537313,28.955223880597,25.5970149253731,34.3283582089552,18.955223880597,33.8059701492537
5,6,9,PCI,Ce0.05Mg0.9Sm0.05,Mg    Ce   Sm  ,  90   5   5,100,0.9 0.05 0.05,0.9 0.05 0.05,1.63489793850985,0.807881274375728,Ln(P) (MPa),1000/T,338.658976652368,613,613,-1.4566,2.33027221912104,16.8,3.3,1.622,117,222.5,1.2935,2.268,0.05,950.7,1531.1,2.1,7.444,145.2,43.5,8.53,14.652,36.403,937.4,-1.222,3.393,1.8015,-2.831,-0.327,-3.245,0.009,-1.9635,68.6625,46.691,0.2745,0.00240289622092,14.3540309738966,0.05,-0.9065,4.12,3.2792,Mg 90 Ce 5 Sm 5,1.00413223140496,0.981404958677686,0.871900826446281,0.830578512396694,0.820247933884297,0.762396694214876,0.570247933884297,0.446280991735537,0.413223140495868,0.34504132231405,35.2238805970149,31.9402985074627,15.8955223880597,31.3432835820895,35.9701492537313,28.955223880597,25.5970149253731,34.3283582089552,18.955223880597,33.8059701492537
6,7,9,PCI,Ce0.05Mg0.9Sm0.05,Mg    Ce   Sm  ,  90   5   5,100,0.9 0.05 0.05,0.9 0.05 0.05,1.69050245656688,0.252317277009573,Ln(P) (MPa),1000/T,318.540104609388,593,593,-1.9799,1.38083044924993,16.8,3.3,1.622,117,222.5,1.2935,2.268,0.05,950.7,1531.1,2.1,7.444,145.2,43.5,8.53,14.652,36.403,937.4,-1.222,3.393,1.8015,-2.831,-0.327,-3.245,0.009,-1.9635,68.6625,46.691,0.2745,0.002484075147303,14.8389644527445,0.05,-0.9065,4.12,3.2792,Mg 90 Ce 5 Sm 5,1.00413223140496,0.981404958677686,0.871900826446281,0.830578512396694,0.820247933884297,0.762396694214876,0.570247933884297,0.446280991735537,0.413223140495868,0.34504132231405,35.2238805970149,31.9402985074627,15.8955223880597,31.3432835820895,35.9701492537313,28.955223880597,25.5970149253731,34.3283582089552,18.955223880597,33.8059701492537
7,8,MgSnZn,Lit_PCT,Mg0.95Sn0.03Zn0.02,Mg    Sn   Zn  ,  95   3   2,100,0.95 0.03 0.02,0.95 0.03 0.02,0.202909090909091,1.27802139037433,Ln(P) (MPa),1000/RT,319.737436067879,593,593,-1.024564,3.58952934772712,13.5,3.08,1.5966,130.35,219.95,1.3363,2.0151,0.0333,904.907,1420.88,2.26,7.6755,156.41,45.89,8.622,13.9514,27.9634,983.27,-0.1557,3.444,1.7682,-2.2394,-0.2653,-3.0775,0.0107,-1.6548,63.2494,44.796,0.2645,0.002381016915055,13.8218744604938,0.1196,-0.8637,1.73,1.9303,Mg 95 Sn 3 Zn 2,1.0783354406025,0.427738991809136,0.420867461931725,0.357484470342477,0.330767962179099,0.19740531031829,0.196195921059865,0.172008135891375,0.165906217360234,0.156945742400088,36.8341487548788,22.8481117035897,34.5297124951899,32.2807981969106,37.6988620746523,44.4153702380298,26.4713319773514,57.5905667637843,47.9638282667253,63.196635698972
8,9,MgSnZn,Lit_PCT,Mg0.95Sn0.03Zn0.02,Mg    Sn   Zn  ,  95   3   2,100,0.95 0.03 0.02,0.95 0.03 0.02,0.209963636363636,0.838235294117647,Ln(P) (MPa),1000/RT,299.822115216275,573,573,-1.46435,2.31228240997594,13.5,3.08,1.5966,130.35,219.95,1.3363,2.0151,0.0333,904.907,1420.88,2.26,7.6755,156.41,45.89,8.622,13.9514,27.9634,983.27,-0.1557,3.444,1.7682,-2.2394,-0.2653,-3.0775,0.0107,-1.6548,63.2494,44.796,0.2645,0.002464123962701,14.3043133596384,0.1196,-0.8637,1.73,1.9303,Mg 95 Sn 3 Zn 2,1.0783354406025,0.427738991809136,0.420867461931725,0.357484470342477,0.330767962179099,0.19740531031829,0.196195921059865,0.172008135891375,0.165906217360234,0.156945742400088,36.8341487548788,22.8481117035897,34.5297124951899,32.2807981969106,37.6988620746523,44.4153702380298,26.4713319773514,57.5905667637843,47.9638282667253,63.196635698972
9,10,MgSnZn,Lit_PCT,Mg0.95Sn0.03Zn0.02,Mg    Sn   Zn  ,  95   3   2,100,0.95 0.03 0.02,0.95 0.03 0.02,0.217636363636364,0.306363636363636,Ln(P) (MPa),1000/RT,279.627384003134,553,553,-1.996221,1.35847682841226,13.5,3.08,1.5966,130.35,219.95,1.3363,2.0151,0.0333,904.907,1420.88,2.26,7.6755,156.41,45.89,8.622,13.9514,27.9634,983.27,-0.1557,3.444,1.7682,-2.2394,-0.2653,-3.0775,0.0107,-1.6548,63.2494,44.796,0.2645,0.002553242370032,14.8216483816868,0.1196,-0.8637,1.73,1.9303,Mg 95 Sn 3 Zn 2,1.0783354406025,0.427738991809136,0.420867461931725,0.357484470342477,0.330767962179099,0.19740531031829,0.196195921059865,0.172008135891375,0.165906217360234,0.156945742400088,36.8341487548788,22.8481117035897,34.5297124951899,32.2807981969106,37.6988620746523,44.4153702380298,26.4713319773514,57.5905667637843,47.9638282667253,63.196635698972
45,81,41,PCI,Mg0.88Y0.12,Mg    Y   ,  88   12,100,0.88 0.12,0.88 0.12,1.46849835242429,2.73980072179507,Ln(P/P0) (MPa),1000/RT,407.96773710991,681,681,0.437216,15.4839049328464,15.24,3.24,1.624,133.84,222.4,1.2992,2.0676,0.0372,1026.76,1647.72,2.12,7.4784,142.84,44.52,9.024,14.688,32.062,933.36,-0.728,3.3668,1.788,-2.664,-0.3536,-3.3468,0.0088,-2.1744,56.9856,47.5312,0.1096,0.001760512992607,8.93283909360985,0.03,-0.9008,4,3.0508,Mg 88 Y 12,1.00561797752809,0.292134831460674,0.168539325842697,0.146067415730337,0.146067415730337,0.129213483146067,0.095505617977528,0.0842696629213484,0.0842696629213484,0.0674157303370784,33.7579617834395,36.3694267515924,29.8089171974522,37.5796178343949,60.4458598726115,39.2356687898089,49.9363057324841,22.3566878980892,31.9745222929936,48.5987261146497
46,82,41,PCI,Mg0.88Y0.12,Mg    Y   ,  88   12,100,0.88 0.12,0.88 0.12,1.53478738427742,2.08190804958418,Ln(P/P0) (MPa),1000/RT,378.556046292889,652,652,-0.220677,8.01975676603582,15.24,3.24,1.624,133.84,222.4,1.2992,2.0676,0.0372,1026.76,1647.72,2.12,7.4784,142.84,44.52,9.024,14.688,32.062,933.36,-0.728,3.3668,1.788,-2.664,-0.3536,-3.3468,0.0088,-2.1744,56.9856,47.5312,0.1096,0.001838818018351,9.3301586238471,0.03,-0.9008,4,3.0508,Mg 88 Y 12,1.00561797752809,0.292134831460674,0.168539325842697,0.146067415730337,0.146067415730337,0.129213483146067,0.095505617977528,0.0842696629213484,0.0842696629213484,0.0674157303370784,33.7579617834395,36.3694267515924,29.8089171974522,37.5796178343949,60.4458598726115,39.2356687898089,49.9363057324841,22.3566878980892,31.9745222929936,48.5987261146497
47,83,41,PCI,Mg0.88Y0.12,Mg    Y   ,  88   12,100,0.88 0.12,0.88 0.12,1.60751608347717,1.34018515612741,Ln(P/P0) (MPa),1000/RT,349.077757279373,622,622,-0.9624,3.81975044898627,15.24,3.24,1.624,133.84,222.4,1.2992,2.0676,0.0372,1026.76,1647.72,2.12,7.4784,142.84,44.52,9.024,14.688,32.062,933.36,-0.728,3.3668,1.788,-2.664,-0.3536,-3.3468,0.0088,-2.1744,56.9856,47.5312,0.1096,0.001927506990298,9.78016627451497,0.03,-0.9008,4,3.0508,Mg 88 Y 12,1.00561797752809,0.292134831460674,0.168539325842697,0.146067415730337,0.146067415730337,0.129213483146067,0.095505617977528,0.0842696629213484,0.0842696629213484,0.0674157303370784,33.7579617834395,36.3694267515924,29.8089171974522,37.5796178343949,60.4458598726115,39.2356687898089,49.9363057324841,22.3566878980892,31.9745222929936,48.5987261146497
48,84,41,PCI,Mg0.88Y0.12,Mg    Y   ,  88   12,100,0.88 0.12,0.88 0.12,1.68727757727915,0.556252942099482,Ln(P/P0) (MPa),1000/RT,319.670710181883,593,593,-1.746332,1.74412516702407,15.24,3.24,1.624,133.84,222.4,1.2992,2.0676,0.0372,1026.76,1647.72,2.12,7.4784,142.84,44.52,9.024,14.688,32.062,933.36,-0.728,3.3668,1.788,-2.664,-0.3536,-3.3468,0.0088,-2.1744,56.9856,47.5312,0.1096,0.00202176955812,10.25845433853,0.03,-0.9008,4,3.0508,Mg 88 Y 12,1.00561797752809,0.292134831460674,0.168539325842697,0.146067415730337,0.146067415730337,0.129213483146067,0.095505617977528,0.0842696629213484,0.0842696629213484,0.0674157303370784,33.7579617834395,36.3694267515924,29.8089171974522,37.5796178343949,60.4458598726115,39.2356687898089,49.9363057324841,22.3566878980892,31.9745222929936,48.5987261146497
57,97,78,PCI,Mg0.92Ni0.08,Mg Ni,0.92 0.08,1,0.92 0.08,0.92 0.08,1.6096518130976,3.09462384990078,Ln(P/P0) (MPa),1000/T,348.252367663047,621,621,0.792039,22.0789373501722,13.28,3.08,1.572,129.28,218.4,1.358,2.3136,0.0928,986.32,1510,2.64,7.6492,154.48,55.8,9.38,13.3888,27.0604,974,-0.3852,3.3588,1.7452,-2.3948,-0.2764,-3.2196,0.0092,-1.9252,56.1668,42.0552,0.2428,0.002150643266212,13.4806941228437,0.1628,-0.842,6,2.3178,Mg-8at%Ni,1,0.495934959349594,0.182926829268293,0.166666666666667,0.142276422764228,0.130081300813008,0.117886178861789,0.105691056910569,0.0691056910569108,0.0650406504065044,36.6666666666667,34.5238095238095,44.8809523809524,20.1190476190476,32.2619047619048,47.8571428571429,63.3333333333334,40.1190476190476,20.952380952381,57.2619047619048
58,98,78,PCI,Mg0.92Ni0.08,Mg Ni,0.92 0.08,1,0.92 0.08,0.92 0.08,1.74818690239942,1.87173011004871,Ln(P/P0) (MPa),1000/T,299.021217312337,572,572,-0.430855,6.49953147148784,13.28,3.08,1.572,129.28,218.4,1.358,2.3136,0.0928,986.32,1510,2.64,7.6492,154.48,55.8,9.38,13.3888,27.0604,974,-0.3852,3.3588,1.7452,-2.3948,-0.2764,-3.2196,0.0092,-1.9252,56.1668,42.0552,0.2428,0.002334876692863,14.6355088291712,0.1628,-0.842,6,2.3178,Mg-8at%Ni,1,0.495934959349594,0.182926829268293,0.166666666666667,0.142276422764228,0.130081300813008,0.117886178861789,0.105691056910569,0.0691056910569108,0.0650406504065044,36.6666666666667,34.5238095238095,44.8809523809524,20.1190476190476,32.2619047619048,47.8571428571429,63.3333333333334,40.1190476190476,20.952380952381,57.2619047619048
59,99,78,PCI,Mg0.92Ni0.08,Mg Ni,0.92 0.08,1,0.92 0.08,0.92 0.08,1.91336821215948,0.435955258885081,Ln(P/P0) (MPa),1000/T,249.638556261668,523,523,-1.86663,1.54643934722907,13.28,3.08,1.572,129.28,218.4,1.358,2.3136,0.0928,986.32,1510,2.64,7.6492,154.48,55.8,9.38,13.3888,27.0604,974,-0.3852,3.3588,1.7452,-2.3948,-0.2764,-3.2196,0.0092,-1.9252,56.1668,42.0552,0.2428,0.002553631870589,16.0067132892656,0.1628,-0.842,6,2.3178,Mg-8at%Ni,1,0.495934959349594,0.182926829268293,0.166666666666667,0.142276422764228,0.130081300813008,0.117886178861789,0.105691056910569,0.0691056910569108,0.0650406504065044,36.6666666666667,34.5238095238095,44.8809523809524,20.1190476190476,32.2619047619048,47.8571428571429,63.3333333333334,40.1190476190476,20.952380952381,57.2619047619048
60,100,78,PCI,Mg0.85Ni0.15,Mg  Ni,0.85 0.15,1,0.85 0.15,0.85 0.15,1.59904416320028,3.07266129745995,Ln(P/P0) (MPa),1000/T,352.373596935953,625,625,0.770076,21.5993040225777,14.4,3.15,1.5475,128.65,217,1.4,2.8155,0.174,1042.6,1623.75,3.2,7.6485,149.65,65.25,9.975,12.8715,29.467,933.75,-0.6785,3.2615,1.7235,-2.574,-0.2645,-3.333,0.0085,-2.2185,52.839,39.6535,0.2365,0.002132028698602,14.7013815049062,0.2142,-0.8,8.06,3.5146,Mg-15at%Ni,1.01382488479263,0.465437788018433,0.313364055299539,0.285714285714286,0.28110599078341,0.253456221198157,0.216589861751152,0.211981566820276,0.175115207373272,0.129032258064516,20.2380952380952,36.6666666666667,34.2857142857143,39.8809523809524,45,39.4047619047619,20.8333333333333,32.1428571428571,19.7619047619048,45.7142857142857
61,101,78,PCI,Mg0.85Ni0.15,Mg  Ni,0.85 0.15,1,0.85 0.15,0.85 0.15,1.74116293477299,1.82724134879193,Ln(P/P0) (MPa),1000/T,301.328789126434,574,574,-0.475344,6.21671164797072,14.4,3.15,1.5475,128.65,217,1.4,2.8155,0.174,1042.6,1623.75,3.2,7.6485,149.65,65.25,9.975,12.8715,29.467,933.75,-0.6785,3.2615,1.7235,-2.574,-0.2645,-3.333,0.0085,-2.2185,52.839,39.6535,0.2365,0.002321459819906,16.0076018128335,0.2142,-0.8,8.06,3.5146,Mg-15at%Ni,1.01382488479263,0.465437788018433,0.313364055299539,0.285714285714286,0.28110599078341,0.253456221198157,0.216589861751152,0.211981566820276,0.175115207373272,0.129032258064516,20.2380952380952,36.6666666666667,34.2857142857143,39.8809523809524,45,39.4047619047619,20.8333333333333,32.1428571428571,19.7619047619048,45.7142857142857
62,102,78,PCI,Mg0.85Ni0.15,Mg  Ni,0.85 0.15,1,0.85 0.15,0.85 0.15,1.90887689176033,0.328878661828481,Ln(P/P0) (MPa),1000/T,250.868251701564,524,524,-1.973706,1.38940985604592,14.4,3.15,1.5475,128.65,217,1.4,2.8155,0.174,1042.6,1623.75,3.2,7.6485,149.65,65.25,9.975,12.8715,29.467,933.75,-0.6785,3.2615,1.7235,-2.574,-0.2645,-3.333,0.0085,-2.2185,52.839,39.6535,0.2365,0.0025429731615,17.5350447339054,0.2142,-0.8,8.06,3.5146,Mg-15at%Ni,1.01382488479263,0.465437788018433,0.313364055299539,0.285714285714286,0.28110599078341,0.253456221198157,0.216589861751152,0.211981566820276,0.175115207373272,0.129032258064516,20.2380952380952,36.6666666666667,34.2857142857143,39.8809523809524,45,39.4047619047619,20.8333333333333,32.1428571428571,19.7619047619048,45.7142857142857
63,103,80,PCI,Ce0.05Mg0.9Y0.05,Mg    Ce   Y  ,  90   5   5,100,0.9 0.05 0.05,0.9 0.05 0.05,1.52770379720206,1.5786052382455,Ln(P/P0) (MPa),1000/T,381.577151560052,655,655,-0.72398,4.84818832047021,15.65,3.25,1.6215,125.1,222.4,1.296,2.124,0.0405,973.1,1608.3,2.1,7.473,145.4,43.65,8.675,14.6235,33.3305,942.5,-0.616,3.3795,1.793,-2.5395,-0.333,-3.2855,0.009,-2.0505,57.815,44.973,0.1985,0.001962670392736,9.90608715840191,0.0447,-0.904,4,3.2792,Mg 90 Ce 5 Y 5,0.99802371541502,0.733201581027668,0.324110671936759,0.298418972332016,0.243083003952569,0.201581027667984,0.199604743083004,0.181818181818182,0.16798418972332,0.154150197628459,34.7747747747748,33.7837837837838,24.4144144144144,30,17.2972972972973,12.4324324324324,50,36.3963963963964,11.1711711711712,20.7207207207207
64,104,80,PCI,Ce0.05Mg0.9Y0.05,Mg    Ce   Y  ,  90   5   5,100,0.9 0.05 0.05,0.9 0.05 0.05,1.57878089828547,1.08355948248659,Ln(P/P0) (MPa),1000/T,360.400113395078,633,633,-1.219026,2.95517861190962,15.65,3.25,1.6215,125.1,222.4,1.296,2.124,0.0405,973.1,1608.3,2.1,7.473,145.4,43.65,8.675,14.6235,33.3305,942.5,-0.616,3.3795,1.793,-2.5395,-0.333,-3.2855,0.009,-2.0505,57.815,44.973,0.1985,0.002030883265785,10.2503745477934,0.0447,-0.904,4,3.2792,Mg 90 Ce 5 Y 5,0.99802371541502,0.733201581027668,0.324110671936759,0.298418972332016,0.243083003952569,0.201581027667984,0.199604743083004,0.181818181818182,0.16798418972332,0.154150197628459,34.7747747747748,33.7837837837838,24.4144144144144,30,17.2972972972973,12.4324324324324,50,36.3963963963964,11.1711711711712,20.7207207207207
65,105,80,PCI,Ce0.05Mg0.9Y0.05,Mg    Ce   Y  ,  90   5   5,100,0.9 0.05 0.05,0.9 0.05 0.05,1.63266330072578,0.601514673398548,Ln(P/P0) (MPa),1000/T,339.496158611186,612,612,-1.70107,1.82488157221892,15.65,3.25,1.6215,125.1,222.4,1.296,2.124,0.0405,973.1,1608.3,2.1,7.473,145.4,43.65,8.675,14.6235,33.3305,942.5,-0.616,3.3795,1.793,-2.5395,-0.333,-3.2855,0.009,-2.0505,57.815,44.973,0.1985,0.00210057043667,10.6021030861981,0.0447,-0.904,4,3.2792,Mg 90 Ce 5 Y 5,0.99802371541502,0.733201581027668,0.324110671936759,0.298418972332016,0.243083003952569,0.201581027667984,0.199604743083004,0.181818181818182,0.16798418972332,0.154150197628459,34.7747747747748,33.7837837837838,24.4144144144144,30,17.2972972972973,12.4324324324324,50,36.3963963963964,11.1711711711712,20.7207207207207
66,106,80,PCI,Ce0.05Mg0.9Y0.05,Mg    Ce   Y  ,  90   5   5,100,0.9 0.05 0.05,0.9 0.05 0.05,1.69048490585884,0.091006626696119,Ln(P/P0) (MPa),1000/T,318.546246011559,592,592,-2.211578,1.09527677402255,15.65,3.25,1.6215,125.1,222.4,1.296,2.124,0.0405,973.1,1608.3,2.1,7.473,145.4,43.65,8.675,14.6235,33.3305,942.5,-0.616,3.3795,1.793,-2.5395,-0.333,-3.2855,0.009,-2.0505,57.815,44.973,0.1985,0.002171535654125,10.9602822445156,0.0447,-0.904,4,3.2792,Mg 90 Ce 5 Y 5,0.99802371541502,0.733201581027668,0.324110671936759,0.298418972332016,0.243083003952569,0.201581027667984,0.199604743083004,0.181818181818182,0.16798418972332,0.154150197628459,34.7747747747748,33.7837837837838,24.4144144144144,30,17.2972972972973,12.4324324324324,50,36.3963963963964,11.1711711711712,20.7207207207207
67,107,87,PCI,Mg0.92Ni0.07Ti0.01,Mg    Ni   Ti,83 15 2,0.92 0.07 0.001,0.92 0.07 0.001,0.92 0.07 0.01,1.59677335540244,1.16161130143577,Ln(P) (bar),1000/T,353.262954987727,626,626,-1.141,3.19499362650709,13.22,3.08,1.5741,129.43,218.55,1.3543,2.2696,0.082,988.41,1515.55,2.58,7.6411,153.79,55.1,9.395,13.4291,26.9522,974.75,-0.4211,3.3572,1.7477,-2.3992,-0.2797,-3.2334,0.0092,-1.9463,56.8362,42.2967,0.2468,0.002146565849279,13.44469158069,0.1543,-0.8457,5.74,2.5684,Mg 85 Ni 15 -0.2 wt. % Ti,0.993421052631579,0.81578947368421,0.736842105263158,0.578947368421053,0.447368421052631,0.434210526315789,0.381578947368421,0.296052631578947,0.282894736842105,0.269736842105263,42.5316455696203,23.4177215189873,52.2784810126583,39.873417721519,46.3291139240506,45.6962025316456,24.1772151898734,22.9113924050633,47.4683544303798,37.3417721518987
68,108,87,PCI,Mg0.92Ni0.07Ti0.01,Mg    Ni   Ti,83 15 2,0.92 0.07 0.001,0.92 0.07 0.001,0.92 0.07 0.01,1.66940028484545,0.57293871973517,Ln(P) (bar),1000/T,326.017508908942,599,599,-1.7296,1.7735533791851,13.22,3.08,1.5741,129.43,218.55,1.3543,2.2696,0.082,988.41,1515.55,2.58,7.6411,153.79,55.1,9.395,13.4291,26.9522,974.75,-0.4211,3.3572,1.7477,-2.3992,-0.2797,-3.2334,0.0092,-1.9463,56.8362,42.2967,0.2468,0.002243322573704,14.0507127370817,0.1543,-0.8457,5.74,2.5684,Mg 85 Ni 15 -0.2 wt. % Ti,0.993421052631579,0.81578947368421,0.736842105263158,0.578947368421053,0.447368421052631,0.434210526315789,0.381578947368421,0.296052631578947,0.282894736842105,0.269736842105263,42.5316455696203,23.4177215189873,52.2784810126583,39.873417721519,46.3291139240506,45.6962025316456,24.1772151898734,22.9113924050633,47.4683544303798,37.3417721518987
69,109,87,PCI,Mg0.92Ni0.07Ti0.01,Mg    Ni   Ti,83 15 2,0.92 0.07 0.001,0.92 0.07 0.001,0.92 0.07 0.01,1.7466954078294,-0.251429038839063,Ln(P) (bar),1000/T,299.509663400724,573,573,-2.554,0.777699631584376,13.22,3.08,1.5741,129.43,218.55,1.3543,2.2696,0.082,988.41,1515.55,2.58,7.6411,153.79,55.1,9.395,13.4291,26.9522,974.75,-0.4211,3.3572,1.7477,-2.3992,-0.2797,-3.2334,0.0092,-1.9463,56.8362,42.2967,0.2468,0.002345113824866,14.688266892691,0.1543,-0.8457,5.74,2.5684,Mg 85 Ni 15 -0.2 wt. % Ti,0.993421052631579,0.81578947368421,0.736842105263158,0.578947368421053,0.447368421052631,0.434210526315789,0.381578947368421,0.296052631578947,0.282894736842105,0.269736842105263,42.5316455696203,23.4177215189873,52.2784810126583,39.873417721519,46.3291139240506,45.6962025316456,24.1772151898734,22.9113924050633,47.4683544303798,37.3417721518987
70,110,87,PCI,Mg0.92Ni0.07Ti0.01,Mg    Ni   Ti,83 15 2,0.92 0.07 0.001,0.92 0.07 0.001,0.92 0.07 0.01,1.9241271796451,-1.62330632433889,Ln(P) (bar),1000/T,246.716165635396,520,520,-3.9259,0.197243769414757,13.22,3.08,1.5741,129.43,218.55,1.3543,2.2696,0.082,988.41,1515.55,2.58,7.6411,153.79,55.1,9.395,13.4291,26.9522,974.75,-0.4211,3.3572,1.7477,-2.3992,-0.2797,-3.2334,0.0092,-1.9463,56.8362,42.2967,0.2468,0.002584135041632,16.1853402490614,0.1543,-0.8457,5.74,2.5684,Mg 85 Ni 15 -0.2 wt. % Ti,0.993421052631579,0.81578947368421,0.736842105263158,0.578947368421053,0.447368421052631,0.434210526315789,0.381578947368421,0.296052631578947,0.282894736842105,0.269736842105263,42.5316455696203,23.4177215189873,52.2784810126583,39.873417721519,46.3291139240506,45.6962025316456,24.1772151898734,22.9113924050633,47.4683544303798,37.3417721518987
71,111,87,PCI,Mg0.68Ni0.23Ti0.09,Mg    Ti   Ni   ,  68   9   23,100,0.68 0.09 0.23,0.68 0.09 0.23,1.5312101910828,2.03824474381376,Ln(P) (bar),1000/T,380.078202995009,653,653,-0.2643,7.67743182150163,16.58,3.32,1.5069,128.47,214.95,1.4687,3.6384,0.274,1198.09,1949.95,4.02,7.5739,131.71,81.9,11.555,11.9779,34.3378,842.75,-1.7139,3.0108,1.6933,-3.0488,-0.2653,-3.7326,0.0068,-3.1207,50.7818,35.9943,0.2572,0.002160534359577,17.9714519288045,0.2498,-0.7313,9.7,6.7929,Mg 68 Ti 9 Ni 23,1,0.460227272727273,0.414772727272727,0.369318181818182,0.261363636363636,0.244318181818182,0.198863636363636,0.164772727272727,0.159090909090909,0.159090909090909,42.6923076923077,40.1282051282051,23.3333333333333,52.6923076923077,37.4358974358974,46.6666666666667,24.3589743589744,74.2307692307692,47.8205128205128,55.7692307692308
72,112,87,PCI,Mg0.68Ni0.23Ti0.09,Mg    Ti   Ni   ,  68   9   23,100,0.68 0.09 0.23,0.68 0.09 0.23,1.63089171974522,1.01609266670424,Ln(P) (bar),1000/T,340.161491896115,613,613,-1.2865,2.76235918832874,16.58,3.32,1.5069,128.47,214.95,1.4687,3.6384,0.274,1198.09,1949.95,4.02,7.5739,131.71,81.9,11.555,11.9779,34.3378,842.75,-1.7139,3.0108,1.6933,-3.0488,-0.2653,-3.7326,0.0068,-3.1207,50.7818,35.9943,0.2572,0.00230151539446,19.1441404722828,0.2498,-0.7313,9.7,6.7929,Mg 68 Ti 9 Ni 23,1,0.460227272727273,0.414772727272727,0.369318181818182,0.261363636363636,0.244318181818182,0.198863636363636,0.164772727272727,0.159090909090909,0.159090909090909,42.6923076923077,40.1282051282051,23.3333333333333,52.6923076923077,37.4358974358974,46.6666666666667,24.3589743589744,74.2307692307692,47.8205128205128,55.7692307692308
73,113,87,PCI,Mg0.68Ni0.23Ti0.09,Mg    Ti   Ni   ,  68   9   23,100,0.68 0.09 0.23,0.68 0.09 0.23,1.74522292993631,0.207626402119385,Ln(P) (bar),1000/T,299.992700729926,573,573,-2.095,1.23070243653968,16.58,3.32,1.5069,128.47,214.95,1.4687,3.6384,0.274,1198.09,1949.95,4.02,7.5739,131.71,81.9,11.555,11.9779,34.3378,842.75,-1.7139,3.0108,1.6933,-3.0488,-0.2653,-3.7326,0.0068,-3.1207,50.7818,35.9943,0.2572,0.002462179645382,20.4805551649378,0.2498,-0.7313,9.7,6.7929,Mg 68 Ti 9 Ni 23,1,0.460227272727273,0.414772727272727,0.369318181818182,0.261363636363636,0.244318181818182,0.198863636363636,0.164772727272727,0.159090909090909,0.159090909090909,42.6923076923077,40.1282051282051,23.3333333333333,52.6923076923077,37.4358974358974,46.6666666666667,24.3589743589744,74.2307692307692,47.8205128205128,55.7692307692308
74,114,88,PCI,La0.05Mg0.85Ni0.1,La   Mg    Ni   ,  5   85   10,100,0.05 0.85 0.1,0.05 0.85 0.1,1.57964028776978,1.57333333333333,Ln(P/P0) (MPa),1000/T,360.055517602589,633,633,-0.729252,4.82269592863414,15.85,3.25,1.579,131.05,219.5,1.3595,2.6775,0.1395,1015.85,1660.35,2.85,7.5455,145.75,57.65,9.43,13.672,33.478,921.25,-0.6805,3.289,1.7545,-2.567,-0.2955,-3.33,0.0085,-2.1765,54.4795,46.6435,0.1125,0.00184517801669,11.590460525159,0.1892,-0.8405,7.94,4.3085,La 5 Mg 85 Ni 10,1.01764705882353,0.352941176470588,0.347058823529412,0.276470588235294,0.276470588235294,0.252941176470588,0.211764705882353,0.211764705882353,0.205882352941177,0.2,34.5945945945946,36.6216216216216,29.8648648648649,24.1891891891892,45,11.7567567567568,17.027027027027,32.027027027027,39.7297297297297,20
75,115,88,PCI,La0.05Mg0.85Ni0.1,La   Mg    Ni   ,  5   85   10,100,0.05 0.85 0.1,0.05 0.85 0.1,1.63057553956835,1.10133333333333,Ln(P/P0) (MPa),1000/T,340.280388263841,613,613,-1.201252,3.00817352721968,15.85,3.25,1.579,131.05,219.5,1.3595,2.6775,0.1395,1015.85,1660.35,2.85,7.5455,145.75,57.65,9.43,13.672,33.478,921.25,-0.6805,3.289,1.7545,-2.567,-0.2955,-3.33,0.0085,-2.1765,54.4795,46.6435,0.1125,0.001905379583303,11.9686158440875,0.1892,-0.8405,7.94,4.3085,La 5 Mg 85 Ni 10,1.01764705882353,0.352941176470588,0.347058823529412,0.276470588235294,0.276470588235294,0.252941176470588,0.211764705882353,0.211764705882353,0.205882352941177,0.2,34.5945945945946,36.6216216216216,29.8648648648649,24.1891891891892,45,11.7567567567568,17.027027027027,32.027027027027,39.7297297297297,20
76,116,88,PCI,La0.05Mg0.85Ni0.1,La   Mg    Ni   ,  5   85   10,100,0.05 0.85 0.1,0.05 0.85 0.1,1.6858273381295,0.570666666666666,Ln(P/P0) (MPa),1000/T,320.180557333673,593,593,-1.731918,1.76944704353382,15.85,3.25,1.579,131.05,219.5,1.3595,2.6775,0.1395,1015.85,1660.35,2.85,7.5455,145.75,57.65,9.43,13.672,33.478,921.25,-0.6805,3.289,1.7545,-2.567,-0.2955,-3.33,0.0085,-2.1765,54.4795,46.6435,0.1125,0.001969641963853,12.3722791103299,0.1892,-0.8405,7.94,4.3085,La 5 Mg 85 Ni 10,1.01764705882353,0.352941176470588,0.347058823529412,0.276470588235294,0.276470588235294,0.252941176470588,0.211764705882353,0.211764705882353,0.205882352941177,0.2,34.5945945945946,36.6216216216216,29.8648648648649,24.1891891891892,45,11.7567567567568,17.027027027027,32.027027027027,39.7297297297297,20
77,117,88,PCI,La0.05Mg0.85Ni0.1,La   Mg    Ni   ,  5   85   10,100,0.05 0.85 0.1,0.05 0.85 0.1,1.74431654676259,0.026666666666666,Ln(P/P0) (MPa),1000/T,300.29043966015,573,573,-2.275918,1.02702584174802,15.85,3.25,1.579,131.05,219.5,1.3595,2.6775,0.1395,1015.85,1660.35,2.85,7.5455,145.75,57.65,9.43,13.672,33.478,921.25,-0.6805,3.289,1.7545,-2.567,-0.2955,-3.33,0.0085,-2.1765,54.4795,46.6435,0.1125,0.002038390374459,12.8041213131337,0.1892,-0.8405,7.94,4.3085,La 5 Mg 85 Ni 10,1.01764705882353,0.352941176470588,0.347058823529412,0.276470588235294,0.276470588235294,0.252941176470588,0.211764705882353,0.211764705882353,0.205882352941177,0.2,34.5945945945946,36.6216216216216,29.8648648648649,24.1891891891892,45,11.7567567567568,17.027027027027,32.027027027027,39.7297297297297,20
194,359,203,PCT,Ag0.07Mg0.6Ni0.33,Mg    Ag    Ni,   1.8    0.2   1,   1.8    0.2   1,0.6 0.07 0.33,0.6 0.07 0.33,1.73922720247295,-0.393894899536322,Ln(Peq)(atm),1000/T,301.968007962463,575,575,-0.3939,6.74421495017951,19.73,3.47,1.474,128.64,212.7,1.5514,4.7186,0.4738,1209.23,1990.17,5.27,7.6418,156.13,93.4,11.687,11.2823,41.5046,775.3,-1.5825,2.9476,1.6572,-3.1426,-0.2052,-3.6176,0.006,-3.0595,43.3466,31.552,0.2469,0.002389242878561,19.3460457412144,0.2956,-0.6486,10.95,7.138,Mg 1.8 Ag 0.2 Ni,0.995801343570058,0.714971209213052,0.631877799104287,0.490163147792706,0.397672744721689,0.370041586692258,0.33185380678183,0.303063019833653,0.270353486884197,0.21777031349968,92.6263595649392,57.4008317338452,74.6529110684581,68.8691618682022,63.1925783749201,45.7725527831094,62.5943698016635,42.3448496481126,62.5335892514396,64.2306461932182
195,360,203,PCT,Ag0.07Mg0.6Ni0.33,Mg    Ag    Ni,   1.8    0.2   1,   1.8    0.2   1,0.6 0.07 0.33,0.6 0.07 0.33,1.90669242658424,-1.36800618238022,Ln(Peq)(atm),1000/T,251.468438672858,524,524,-1.368,2.54615682024804,19.73,3.47,1.474,128.64,212.7,1.5514,4.7186,0.4738,1209.23,1990.17,5.27,7.6418,156.13,93.4,11.687,11.2823,41.5046,775.3,-1.5825,2.9476,1.6572,-3.1426,-0.2052,-3.6176,0.006,-3.0595,43.3466,31.552,0.2469,0.002621783693077,21.2289624068669,0.2956,-0.6486,10.95,7.138,Mg 1.8 Ag 0.2 Ni,0.995801343570058,0.714971209213052,0.631877799104287,0.490163147792706,0.397672744721689,0.370041586692258,0.33185380678183,0.303063019833653,0.270353486884197,0.21777031349968,92.6263595649392,57.4008317338452,74.6529110684581,68.8691618682022,63.1925783749201,45.7725527831094,62.5943698016635,42.3448496481126,62.5335892514396,64.2306461932182
196,361,203,PCT,Ag0.07Mg0.6Ni0.33,Mg    Ag    Ni,   1.8    0.2   1,   1.8    0.2   1,0.6 0.07 0.33,0.6 0.07 0.33,2.110942812983,-2.75440494590417,Ln(Peq)(atm),1000/T,200.721975720833,474,474,-2.7544,0.636471965324869,19.73,3.47,1.474,128.64,212.7,1.5514,4.7186,0.4738,1209.23,1990.17,5.27,7.6418,156.13,93.4,11.687,11.2823,41.5046,775.3,-1.5825,2.9476,1.6572,-3.1426,-0.2052,-3.6176,0.006,-3.0595,43.3466,31.552,0.2469,0.002898343154372,23.4683044329078,0.2956,-0.6486,10.95,7.138,Mg 1.8 Ag 0.2 Ni,0.995801343570058,0.714971209213052,0.631877799104287,0.490163147792706,0.397672744721689,0.370041586692258,0.33185380678183,0.303063019833653,0.270353486884197,0.21777031349968,92.6263595649392,57.4008317338452,74.6529110684581,68.8691618682022,63.1925783749201,45.7725527831094,62.5943698016635,42.3448496481126,62.5335892514396,64.2306461932182
197,362,223,PCT,Mg0.85Ni0.08Sm0.08,Sm Mg    Ni,1 11 1,1 11 1,0.08 0.85 0.08,0.08 0.85 0.08,1.532,0.208658008658009,Ln(Peq)(MPa),1000/T,379.741514360313,653,653,-2.0939,1.23205695406793,17.2277227722772,3.31683168316832,1.58891089108911,118.990099009901,220.158415841584,1.34643564356436,2.75227722772277,0.131485148514852,1019.34653465347,1563.12871287129,2.71287128712871,7.49,142.891089108911,55.1386138613861,9.35742574257426,13.9071287128713,37.0173267326733,909.188118811881,-1.78940594059406,3.31316831683168,1.77079207920792,-3.16742574257426,-0.309009900990099,-3.32366336633663,0.008415841584158,-2.16980198019802,71.4187128712871,46.6067326732673,0.270594059405941,0.002346660048091,18.4819605221552,0.1703,-0.8621,7.21,4.5086,SmMg 11 Ni,1.01110555277639,0.978289144572286,0.749774887443724,0.554477238619311,0.522561280640323,0.522461230615309,0.383991995998001,0.318859429714859,0.315757878939472,0.313756878439221,95.2606303151573,92.0330165082539,57.3626813406702,65.2276138069033,50.4422211105552,70.6153076538267,50.1670835417708,72.8464232116056,48.2121060530264,61.6738369184591
198,363,223,PCT,Mg0.85Ni0.08Sm0.08,Sm Mg    Ni,1 11 1,1 11 1,0.08 0.85 0.08,0.08 0.85 0.08,1.5804,-0.227878787878788,Ln(Peq)(MPa),1000/T,359.751202227284,633,633,-2.5305,0.796192007314733,17.2277227722772,3.31683168316832,1.58891089108911,118.990099009901,220.158415841584,1.34643564356436,2.75227722772277,0.131485148514852,1019.34653465347,1563.12871287129,2.71287128712871,7.49,142.891089108911,55.1386138613861,9.35742574257426,13.9071287128713,37.0173267326733,909.188118811881,-1.78940594059406,3.31316831683168,1.77079207920792,-3.16742574257426,-0.309009900990099,-3.32366336633663,0.008415841584158,-2.16980198019802,71.4187128712871,46.6067326732673,0.270594059405941,0.00242080412544,19.0659087219074,0.1703,-0.8621,7.21,4.5086,SmMg 11 Ni,1.01110555277639,0.978289144572286,0.749774887443724,0.554477238619311,0.522561280640323,0.522461230615309,0.383991995998001,0.318859429714859,0.315757878939472,0.313756878439221,95.2606303151573,92.0330165082539,57.3626813406702,65.2276138069033,50.4422211105552,70.6153076538267,50.1670835417708,72.8464232116056,48.2121060530264,61.6738369184591
199,364,223,PCT,Mg0.85Ni0.08Sm0.08,Sm Mg    Ni,1 11 1,1 11 1,0.08 0.85 0.08,0.08 0.85 0.08,1.63,-0.737662337662338,Ln(Peq)(MPa),1000/T,340.496932515337,613,613,-3.0402,0.478253234729335,17.2277227722772,3.31683168316832,1.58891089108911,118.990099009901,220.158415841584,1.34643564356436,2.75227722772277,0.131485148514852,1019.34653465347,1563.12871287129,2.71287128712871,7.49,142.891089108911,55.1386138613861,9.35742574257426,13.9071287128713,37.0173267326733,909.188118811881,-1.78940594059406,3.31316831683168,1.77079207920792,-3.16742574257426,-0.309009900990099,-3.32366336633663,0.008415841584158,-2.16980198019802,71.4187128712871,46.6067326732673,0.270594059405941,0.002499786315503,19.6879612087559,0.1703,-0.8621,7.21,4.5086,SmMg 11 Ni,1.01110555277639,0.978289144572286,0.749774887443724,0.554477238619311,0.522561280640323,0.522461230615309,0.383991995998001,0.318859429714859,0.315757878939472,0.313756878439221,95.2606303151573,92.0330165082539,57.3626813406702,65.2276138069033,50.4422211105552,70.6153076538267,50.1670835417708,72.8464232116056,48.2121060530264,61.6738369184591
200,365,223,PCT,Mg0.85Ni0.08Sm0.08,Sm Mg    Ni,1 11 1,1 11 1,0.08 0.85 0.08,0.08 0.85 0.08,1.6872,-1.27670995670996,Ln(Peq)(MPa),1000/T,319.697961119014,593,593,-3.5793,0.278952180751656,17.2277227722772,3.31683168316832,1.58891089108911,118.990099009901,220.158415841584,1.34643564356436,2.75227722772277,0.131485148514852,1019.34653465347,1563.12871287129,2.71287128712871,7.49,142.891089108911,55.1386138613861,9.35742574257426,13.9071287128713,37.0173267326733,909.188118811881,-1.78940594059406,3.31316831683168,1.77079207920792,-3.16742574257426,-0.309009900990099,-3.32366336633663,0.008415841584158,-2.16980198019802,71.4187128712871,46.6067326732673,0.270594059405941,0.002584096140647,20.351973391176,0.1703,-0.8621,7.21,4.5086,SmMg 11 Ni,1.01110555277639,0.978289144572286,0.749774887443724,0.554477238619311,0.522561280640323,0.522461230615309,0.383991995998001,0.318859429714859,0.315757878939472,0.313756878439221,95.2606303151573,92.0330165082539,57.3626813406702,65.2276138069033,50.4422211105552,70.6153076538267,50.1670835417708,72.8464232116056,48.2121060530264,61.6738369184591
219,395,7,PCT,Ce0.0027Mg0.9335Ni0.0301Y0.0043Zr0.0307,Mg    Ce    Y    Ni    Zr,90   90    1.5   1.5    710  ,81 1.35 1.35 6.3 10,0.9335 0.0027 0.0043 0.0301 0.0307,0.9335 0.0027 0.0043 0.0301 0.0307,1.57900379506641,1.31612903225806,Ln(P) (MPa),1000/T,360.310700787734,633,633,-0.9865,3.72879488005405,13.579446719265,3.10805952262059,1.59095775491861,130.068211325277,219.866773194847,1.32775092379906,2.12685708578848,0.050734045740537,987.295915310097,1545.96594427245,2.30879856186957,7.60659542594627,152.709477679017,50.4967042844302,9.33560371517028,13.8029012284031,27.9846649355837,974.631878557875,-0.467227604114651,3.38578148407071,1.76369419754319,-2.39421452112254,-0.299706381703785,-3.23513732148207,0.009322880255668,-1.96196644362329,57.3881833616299,43.8817607110756,0.213213822031359,0.002066020956157,11.9743026212718,0.1034,-0.873383,3.87,2.6276,90%(Mg 90 Ce 1.5 Y 1.5 Ni 7)-10%Zr,1.00022508581397,0.457993359968488,0.411062967756457,0.344550109729334,0.277474537167295,0.170052332451747,0.16774520285859,0.167632659951607,0.164481458556074,0.155196668729953,76.6588824489337,54.0000562714535,52.7176298463789,47.5907377187553,32.9280850824377,56.5514039727646,33.4547858871194,53.5476337853807,26.1473749366946,48.8073265432446
220,396,7,PCT,Ce0.0027Mg0.9335Ni0.0301Y0.0043Zr0.0307,Mg    Ce    Y    Ni    Zr,90   90    1.5   1.5    710  ,81 1.35 1.35 6.3 10,0.9335 0.0027 0.0043 0.0301 0.0307,0.9335 0.0027 0.0043 0.0301 0.0307,1.62440227703985,0.825806451612903,Ln(P) (MPa),1000/T,342.611055299861,613,613,-1.4768,2.28367295735806,13.579446719265,3.10805952262059,1.59095775491861,130.068211325277,219.866773194847,1.32775092379906,2.12685708578848,0.050734045740537,987.295915310097,1545.96594427245,2.30879856186957,7.60659542594627,152.709477679017,50.4967042844302,9.33560371517028,13.8029012284031,27.9846649355837,974.631878557875,-0.467227604114651,3.38578148407071,1.76369419754319,-2.39421452112254,-0.299706381703785,-3.23513732148207,0.009322880255668,-1.96196644362329,57.3881833616299,43.8817607110756,0.213213822031359,0.002123037768259,12.3047622715342,0.1034,-0.873383,3.87,2.6276,90%(Mg 90 Ce 1.5 Y 1.5 Ni 7)-10%Zr,1.00022508581397,0.457993359968488,0.411062967756457,0.344550109729334,0.277474537167295,0.170052332451747,0.16774520285859,0.167632659951607,0.164481458556074,0.155196668729953,76.6588824489337,54.0000562714535,52.7176298463789,47.5907377187553,32.9280850824377,56.5514039727646,33.4547858871194,53.5476337853807,26.1473749366946,48.8073265432446
221,397,7,PCT,Ce0.0027Mg0.9335Ni0.0301Y0.0043Zr0.0307,Mg    Ce    Y    Ni    Zr,90   90    1.5   1.5    710  ,81 1.35 1.35 6.3 10,0.9335 0.0027 0.0043 0.0301 0.0307,0.9335 0.0027 0.0043 0.0301 0.0307,1.67176470588235,0.290322580645161,Ln(P) (MPa),1000/T,325.170302603801,593,593,-2.0123,1.33680854845561,13.579446719265,3.10805952262059,1.59095775491861,130.068211325277,219.866773194847,1.32775092379906,2.12685708578848,0.050734045740537,987.295915310097,1545.96594427245,2.30879856186957,7.60659542594627,152.709477679017,50.4967042844302,9.33560371517028,13.8029012284031,27.9846649355837,974.631878557875,-0.467227604114651,3.38578148407071,1.76369419754319,-2.39421452112254,-0.299706381703785,-3.23513732148207,0.009322880255668,-1.96196644362329,57.3881833616299,43.8817607110756,0.213213822031359,0.00218694191513,12.6751397312125,0.1034,-0.873383,3.87,2.6276,90%(Mg 90 Ce 1.5 Y 1.5 Ni 7)-10%Zr,1.00022508581397,0.457993359968488,0.411062967756457,0.344550109729334,0.277474537167295,0.170052332451747,0.16774520285859,0.167632659951607,0.164481458556074,0.155196668729953,76.6588824489337,54.0000562714535,52.7176298463789,47.5907377187553,32.9280850824377,56.5514039727646,33.4547858871194,53.5476337853807,26.1473749366946,48.8073265432446
222,398,7,PCT,Ce0.0026Mg0.9081Ni0.0292Ti0.0569Y0.0041,Mg    Ce    Y    Ni    Ti,90   90    1.5   1.5    710  ,81 1.35 1.35 6.3 10,0.9081 0.0026 0.0041 0.0292 0.0569,0.9081 0.0026 0.0041 0.0292 0.0569,1.58272727272727,1.05333333333334,Ln(P) (MPa),1000/T,358.820792647905,633,633,-1.2493,2.86705420428049,13.2653611749426,3.10200819262664,1.58324707763013,129.871915276251,219.286941752423,1.33971725447098,2.13068838045759,0.040958137676092,1007.00669397542,1566.54221200919,2.35378159656309,7.59175342192027,149.169047856929,52.5574982515736,9.51921270856229,13.615667898891,27.2178089719253,969.692276950745,-0.652394844639824,3.33534219202718,1.7589649315616,-2.45930862223998,-0.297164551903287,-3.32117194524928,0.009072834448996,-2.10160855230293,59.5367169547407,43.2645618942951,0.260568488360476,0.002177386339836,13.6265230992955,0.1131,-0.861057,4.36,3.2579,90%(Mg 90 Ce 1.5 Y 1.5 Ni 7)-10%Ti,1.00000000000001,0.598765432098773,0.41975308641976,0.351851851851861,0.345679012345686,0.222222222222231,0.222222222222229,0.216049382716057,0.191358024691363,0.179012345679017,36.5841584158431,34.4059405940604,34.9009900990106,19.8514851485155,32.2277227722779,24.4059405940599,40.2475247524757,30.0495049504955,45.0990099009905,47.9702970297034
223,399,7,PCT,Ce0.0026Mg0.9081Ni0.0292Ti0.0569Y0.0041,Mg    Ce    Y    Ni    Ti,90   90    1.5   1.5    710  ,81 1.35 1.35 6.3 10,0.9081 0.0026 0.0041 0.0292 0.0569,0.9081 0.0026 0.0041 0.0292 0.0569,1.62772727272727,0.540000000000001,Ln(P) (MPa),1000/T,341.353532532813,613,613,-1.7626,1.71598128185101,13.2653611749426,3.10200819262664,1.58324707763013,129.871915276251,219.286941752423,1.33971725447098,2.13068838045759,0.040958137676092,1007.00669397542,1566.54221200919,2.35378159656309,7.59175342192027,149.169047856929,52.5574982515736,9.51921270856229,13.615667898891,27.2178089719253,969.692276950745,-0.652394844639824,3.33534219202718,1.7589649315616,-2.45930862223998,-0.297164551903287,-3.32117194524928,0.009072834448996,-2.10160855230293,59.5367169547407,43.2645618942951,0.260568488360476,0.002241218512665,14.0259977178416,0.1131,-0.861057,4.36,3.2579,90%(Mg 90 Ce 1.5 Y 1.5 Ni 7)-10%Ti,1.00000000000001,0.598765432098773,0.41975308641976,0.351851851851861,0.345679012345686,0.222222222222231,0.222222222222229,0.216049382716057,0.191358024691363,0.179012345679017,36.5841584158431,34.4059405940604,34.9009900990106,19.8514851485155,32.2277227722779,24.4059405940599,40.2475247524757,30.0495049504955,45.0990099009905,47.9702970297034
224,400,7,PCT,Ce0.0026Mg0.9081Ni0.0292Ti0.0569Y0.0041,Mg    Ce    Y    Ni    Ti,90   90    1.5   1.5    710  ,81 1.35 1.35 6.3 10,0.9081 0.0026 0.0041 0.0292 0.0569,0.9081 0.0026 0.0041 0.0292 0.0569,1.67545454545455,-0.02,Ln(P) (MPa),1000/T,323.852957135104,593,593,-2.3226,0.980184061588205,13.2653611749426,3.10200819262664,1.58324707763013,129.871915276251,219.286941752423,1.33971725447098,2.13068838045759,0.040958137676092,1007.00669397542,1566.54221200919,2.35378159656309,7.59175342192027,149.169047856929,52.5574982515736,9.51921270856229,13.615667898891,27.2178089719253,969.692276950745,-0.652394844639824,3.33534219202718,1.7589649315616,-2.45930862223998,-0.297164551903287,-3.32117194524928,0.009072834448996,-2.10160855230293,59.5367169547407,43.2645618942951,0.260568488360476,0.002305038805321,14.4253979878639,0.1131,-0.861057,4.36,3.2579,90%(Mg 90 Ce 1.5 Y 1.5 Ni 7)-10%Ti,1.00000000000001,0.598765432098773,0.41975308641976,0.351851851851861,0.345679012345686,0.222222222222231,0.222222222222229,0.216049382716057,0.191358024691363,0.179012345679017,36.5841584158431,34.4059405940604,34.9009900990106,19.8514851485155,32.2277227722779,24.4059405940599,40.2475247524757,30.0495049504955,45.0990099009905,47.9702970297034
225,401,7,PCT,Ce0.0026Mg0.9106Ni0.0293V0.0536Y0.0041,Mg    Ce    Y    Ni    V,90   90    1.5   1.5    710 ,81 1.35 1.35 6.3 10,0.9106 0.0026 0.0041 0.0293 0.0536,0.9106 0.0026 0.0041 0.0293 0.0536,1.58683284457478,1.29032258064516,Ln(P) (MPa),1000/T,357.186098944762,633,633,-1.0123,3.63382238539559,13.2884423115377,3.09888022395521,1.57615976804639,129.261647670466,218.765046990602,1.34386222755449,2.20828234353129,0.06495400919816,1016.02269546091,1564.46570685863,2.40181963607279,7.5901299740052,150.092181563687,55.0412917416517,9.70735852829434,13.503576284743,27.3100679864027,969.587982403519,-0.765290941811638,3.3278974205159,1.7580523895221,-2.55810537892421,-0.289658068386323,-3.28587482503499,0.009104179164167,-2.14537092581484,56.2035302939412,42.1478394321136,0.244539092181564,0.00211664355871,13.0957368068192,0.1225,-0.856309,5.48,3.1892,90%(Mg 90 Ce 1.5 Y 1.5 Ni 7)-10%V,0.987577639751553,0.484472049689441,0.416149068322981,0.304347826086957,0.285714285714286,0.254658385093168,0.180124223602485,0.15527950310559,0.15527950310559,0.130434782608696,36.4265923760824,34.2450675922551,34.7319145049331,32.1774144440391,19.9215990744129,42.0769394714413,44.7203446596034,40.3073620752653,47.8563816831084,24.3257520399468
226,402,7,PCT,Ce0.0026Mg0.9106Ni0.0293V0.0536Y0.0041,Mg    Ce    Y    Ni    V,90   90    1.5   1.5    710 ,81 1.35 1.35 6.3 10,0.9106 0.0026 0.0041 0.0293 0.0536,0.9106 0.0026 0.0041 0.0293 0.0536,1.63073313782991,0.806451612903227,Ln(P) (MPa),1000/T,340.221119263416,613,613,-1.4961,2.24002066886005,13.2884423115377,3.09888022395521,1.57615976804639,129.261647670466,218.765046990602,1.34386222755449,2.20828234353129,0.06495400919816,1016.02269546091,1564.46570685863,2.40181963607279,7.5901299740052,150.092181563687,55.0412917416517,9.70735852829434,13.503576284743,27.3100679864027,969.587982403519,-0.765290941811638,3.3278974205159,1.7580523895221,-2.55810537892421,-0.289658068386323,-3.28587482503499,0.009104179164167,-2.14537092581484,56.2035302939412,42.1478394321136,0.244539092181564,0.002175343298511,13.4589138471388,0.1225,-0.856309,5.48,3.1892,90%(Mg 90 Ce 1.5 Y 1.5 Ni 7)-10%V,0.987577639751553,0.484472049689441,0.416149068322981,0.304347826086957,0.285714285714286,0.254658385093168,0.180124223602485,0.15527950310559,0.15527950310559,0.130434782608696,36.4265923760824,34.2450675922551,34.7319145049331,32.1774144440391,19.9215990744129,42.0769394714413,44.7203446596034,40.3073620752653,47.8563816831084,24.3257520399468
227,403,7,PCT,Ce0.0026Mg0.9106Ni0.0293V0.0536Y0.0041,Mg    Ce    Y    Ni    V,90   90    1.5   1.5    710 ,81 1.35 1.35 6.3 10,0.9106 0.0026 0.0041 0.0293 0.0536,0.9106 0.0026 0.0041 0.0293 0.0536,1.67673020527859,0.245161290322581,Ln(P) (MPa),1000/T,323.398870165191,593,593,-2.0574,1.27785781384564,13.2884423115377,3.09888022395521,1.57615976804639,129.261647670466,218.765046990602,1.34386222755449,2.20828234353129,0.06495400919816,1016.02269546091,1564.46570685863,2.40181963607279,7.5901299740052,150.092181563687,55.0412917416517,9.70735852829434,13.503576284743,27.3100679864027,969.587982403519,-0.765290941811638,3.3278974205159,1.7580523895221,-2.55810537892421,-0.289658068386323,-3.28587482503499,0.009104179164167,-2.14537092581484,56.2035302939412,42.1478394321136,0.244539092181564,0.002237391681187,13.8428090407653,0.1225,-0.856309,5.48,3.1892,90%(Mg 90 Ce 1.5 Y 1.5 Ni 7)-10%V,0.987577639751553,0.484472049689441,0.416149068322981,0.304347826086957,0.285714285714286,0.254658385093168,0.180124223602485,0.15527950310559,0.15527950310559,0.130434782608696,36.4265923760824,34.2450675922551,34.7319145049331,32.1774144440391,19.9215990744129,42.0769394714413,44.7203446596034,40.3073620752653,47.8563816831084,24.3257520399468
232,408,79,PCT,Cr0.112Fe0.1043Mg0.7193Zr0.0639,Mg Zr Cr Fe,50 16.66 16.66 16.66,50 16.66 16.66 16.66,0.7193 0.0639 0.112 0.1043,0.7193 0.0639 0.112 0.1043,1.74357947223934,0.953543615888845,Ln(P) (bar),1000/T,300.532790401383,574,574,-1.349,2.59499630569885,16.5956978489245,3.34427213606803,1.5232136068034,130.292846423212,217.393196598299,1.40476138069035,3.29533966983492,0.119341670835418,1226.92166083042,1937.92166083042,3.20220110055027,7.51226813406703,135.497448724362,74.0950975487744,11.3408204102051,12.5065532766383,34.9817868934467,848.881340670335,-2.80428514257129,3.15391295647824,2.1468404202101,-3.38287943971986,-0.179728864432216,-4.00340970485243,0.00719659829915,-3.65608104052026,56.905611805903,40.6272146073037,0.223103551775888,0.002440204121405,20.5778843921674,0.1817,-0.794841,9.59,7.4308,Mg-50% ZrCrFe,1.01919391128024,0.333879614455154,0.322991028026999,0.313546845920947,0.301324963195467,0.289991944668204,0.289491958556706,0.267548123663232,0.253270742479376,0.247937557290075,37.3139635010131,69.2711313574621,63.7704508208103,35.0198605594287,42.5190966917583,58.0183883781004,39.1433571289684,48.5169856392876,70.6410933029636,32.6407599788893
233,409,79,PCT,Cr0.112Fe0.1043Mg0.7193Zr0.0639,Mg Zr Cr Fe,50 16.66 16.66 16.66,50 16.66 16.66 16.66,0.7193 0.0639 0.112 0.1043,0.7193 0.0639 0.112 0.1043,1.82428240611052,0.173152557566251,Ln(P) (bar),1000/T,275.16074345203,548,548,-2.1294,1.18908617623713,16.5956978489245,3.34427213606803,1.5232136068034,130.292846423212,217.393196598299,1.40476138069035,3.29533966983492,0.119341670835418,1226.92166083042,1937.92166083042,3.20220110055027,7.51226813406703,135.497448724362,74.0950975487744,11.3408204102051,12.5065532766383,34.9817868934467,848.881340670335,-2.80428514257129,3.15391295647824,2.1468404202101,-3.38287943971986,-0.179728864432216,-4.00340970485243,0.00719659829915,-3.65608104052026,56.905611805903,40.6272146073037,0.223103551775888,0.002555980229355,21.5542073742776,0.1817,-0.794841,9.59,7.4308,Mg-50% ZrCrFe,1.01919391128024,0.333879614455154,0.322991028026999,0.313546845920947,0.301324963195467,0.289991944668204,0.289491958556706,0.267548123663232,0.253270742479376,0.247937557290075,37.3139635010131,69.2711313574621,63.7704508208103,35.0198605594287,42.5190966917583,58.0183883781004,39.1433571289684,48.5169856392876,70.6410933029636,32.6407599788893
234,410,79,PCT,Cr0.112Fe0.1043Mg0.7193Zr0.0639,Mg Zr Cr Fe,50 16.66 16.66 16.66,50 16.66 16.66 16.66,0.7193 0.0639 0.112 0.1043,0.7193 0.0639 0.112 0.1043,1.91239845369488,-0.480889685696678,Ln(P) (bar),1000/T,249.903581138091,523,523,-2.7835,0.61821752144466,16.5956978489245,3.34427213606803,1.5232136068034,130.292846423212,217.393196598299,1.40476138069035,3.29533966983492,0.119341670835418,1226.92166083042,1937.92166083042,3.20220110055027,7.51226813406703,135.497448724362,74.0950975487744,11.3408204102051,12.5065532766383,34.9817868934467,848.881340670335,-2.80428514257129,3.15391295647824,2.1468404202101,-3.38287943971986,-0.179728864432216,-4.00340970485243,0.00719659829915,-3.65608104052026,56.905611805903,40.6272146073037,0.223103551775888,0.002678159016609,22.5845232143482,0.1817,-0.794841,9.59,7.4308,Mg-50% ZrCrFe,1.01919391128024,0.333879614455154,0.322991028026999,0.313546845920947,0.301324963195467,0.289991944668204,0.289491958556706,0.267548123663232,0.253270742479376,0.247937557290075,37.3139635010131,69.2711313574621,63.7704508208103,35.0198605594287,42.5190966917583,58.0183883781004,39.1433571289684,48.5169856392876,70.6410933029636,32.6407599788893
283,0,257,PCT,Mg0.85Ni0.08Y0.08,Y Mg Ni,0.08 0.85 0.08,0.08 0.85 0.08,0.08 0.85 0.08,0.08 0.85 0.08,1.53515318416523,-0.068571428571429,Ln(P) MPa,1000/T,378.400791995732,651,651,-2.3712,0.933686166857333,15.4059405940594,3.23762376237624,1.58811881188119,131.821782178218,220,1.35039603960396,2.52415841584158,0.116435643564356,1054.83168316832,1685.42574257426,2.71287128712871,7.53594059405941,143.207920792079,55.3762376237624,9.58712871287129,13.8619801980198,32.15,917.267326732673,-0.829405940594059,3.29178217821782,1.75732673267327,-2.70564356435644,-0.318514851485148,-3.38782178217822,0.008415841584158,-2.30762376237624,54.2345544554455,43.8851485148515,0.15019801980198,0.001898355372553,11.4026825472235,0.1667,-0.8581,7.14,4.5086,Mg0.85Ni0.08Y0.08,0.96628259551243,0.703941782898726,0.472286234081261,0.333050333535476,0.27616737416616,0.265372953305032,0.184232868405094,0.157186173438447,0.133535476046088,0.119466343238326,34.6852637962391,35.7719830200114,37.670103092783,42.4863553668886,36.8320194057001,32.4754396603999,44.5591267434806,38.5870224378409,57.1315949060034,68.4196482716796
284,0,257,PCT,Mg0.85Ni0.08Y0.08,Y Mg Ni,0.08 0.85 0.08,0.08 0.85 0.08,0.08 0.85 0.08,0.08 0.85 0.08,1.58218244406196,-0.445714285714286,Ln(P) MPa,1000/T,359.038361791378,632,632,-2.7483,0.640366309988869,15.4059405940594,3.23762376237624,1.58811881188119,131.821782178218,220,1.35039603960396,2.52415841584158,0.116435643564356,1054.83168316832,1685.42574257426,2.71287128712871,7.53594059405941,143.207920792079,55.3762376237624,9.58712871287129,13.8619801980198,32.15,917.267326732673,-0.829405940594059,3.29178217821782,1.75732673267327,-2.70564356435644,-0.318514851485148,-3.38782178217822,0.008415841584158,-2.30762376237624,54.2345544554455,43.8851485148515,0.15019801980198,0.001955426182804,11.745484712409,0.1667,-0.8581,7.14,4.5086,Mg0.85Ni0.08Y0.08,0.96628259551243,0.703941782898726,0.472286234081261,0.333050333535476,0.27616737416616,0.265372953305032,0.184232868405094,0.157186173438447,0.133535476046088,0.119466343238326,34.6852637962391,35.7719830200114,37.670103092783,42.4863553668886,36.8320194057001,32.4754396603999,44.5591267434806,38.5870224378409,57.1315949060034,68.4196482716796
285,0,257,PCT,Mg0.85Ni0.08Y0.08,Y Mg Ni,0.08 0.85 0.08,0.08 0.85 0.08,0.08 0.85 0.08,0.08 0.85 0.08,1.63177280550775,-1.00571428571429,Ln(P) MPa,1000/T,339.830411577325,613,613,-3.3083,0.365783040449062,15.4059405940594,3.23762376237624,1.58811881188119,131.821782178218,220,1.35039603960396,2.52415841584158,0.116435643564356,1054.83168316832,1685.42574257426,2.71287128712871,7.53594059405941,143.207920792079,55.3762376237624,9.58712871287129,13.8619801980198,32.15,917.267326732673,-0.829405940594059,3.29178217821782,1.75732673267327,-2.70564356435644,-0.318514851485148,-3.38782178217822,0.008415841584158,-2.30762376237624,54.2345544554455,43.8851485148515,0.15019801980198,0.002016034824685,12.109537256513,0.1667,-0.8581,7.14,4.5086,Mg0.85Ni0.08Y0.08,0.96628259551243,0.703941782898726,0.472286234081261,0.333050333535476,0.27616737416616,0.265372953305032,0.184232868405094,0.157186173438447,0.133535476046088,0.119466343238326,34.6852637962391,35.7719830200114,37.670103092783,42.4863553668886,36.8320194057001,32.4754396603999,44.5591267434806,38.5870224378409,57.1315949060034,68.4196482716796
286,0,257,PCT,Mg0.85Ni0.08Y0.08,Y Mg Ni,0.08 0.85 0.08,0.08 0.85 0.08,0.08 0.85 0.08,0.08 0.85 0.08,1.68506024096386,-1.52,Ln(P) MPa,1000/T,320.450593450592,593,593,-3.8226,0.218708626637114,15.4059405940594,3.23762376237624,1.58811881188119,131.821782178218,220,1.35039603960396,2.52415841584158,0.116435643564356,1054.83168316832,1685.42574257426,2.71287128712871,7.53594059405941,143.207920792079,55.3762376237624,9.58712871287129,13.8619801980198,32.15,917.267326732673,-0.829405940594059,3.29178217821782,1.75732673267327,-2.70564356435644,-0.318514851485148,-3.38782178217822,0.008415841584158,-2.30762376237624,54.2345544554455,43.8851485148515,0.15019801980198,0.002084029253848,12.5179533528541,0.1667,-0.8581,7.14,4.5086,Mg0.85Ni0.08Y0.08,0.96628259551243,0.703941782898726,0.472286234081261,0.333050333535476,0.27616737416616,0.265372953305032,0.184232868405094,0.157186173438447,0.133535476046088,0.119466343238326,34.6852637962391,35.7719830200114,37.670103092783,42.4863553668886,36.8320194057001,32.4754396603999,44.5591267434806,38.5870224378409,57.1315949060034,68.4196482716796
319,0,46,PCT,Ce0.05La0.05Mg0.9,Ce La Mg,0.05 0.05 0.9,0.05 0.05 0.9,0.05 0.05 0.9,0.05 0.05 0.9,1.55073934473761,1.67976224992752,Ln(P) MPa,1000/T,371.853697298306,653,653,-0.622823,5.36427961959811,16.55,3.3,1.6255,125.45,222.9,1.29,2.208,0.0485,942.9,1614.6,2.1,7.441,145.2,43,8.42,14.7595,35.8305,937.35,-0.545,3.3805,1.801,-2.463,-0.329,-3.2565,0.009,-1.9745,58.322,49.1095,0.1285,0.0018186692123,9.12188461878179,0.06,-0.91,4.69,3.2792,Mg 90 Ce 5 La 5,0.992857142857143,0.707142857142858,0.692857142857144,0.592857142857143,0.478571428571429,0.428571428571429,0.428571428571429,0.385714285714286,0.335714285714286,0.307142857142857,34.6439075630318,24.6228991596688,30.0630252100889,17.4086134453825,32.988445378155,13.4259453781546,27.837710084037,49.5992647058855,21.8014705882381,61.7993697479019
320,0,46,PCT,Ce0.05La0.05Mg0.9,Ce La Mg,0.05 0.05 0.9,0.05 0.05 0.9,0.05 0.05 0.9,0.05 0.05 0.9,1.64601333719919,1.19773847492027,Ln(P) MPa,1000/T,334.528491659473,633,633,-1.104847,3.31261561383819,16.55,3.3,1.6255,125.45,222.9,1.29,2.208,0.0485,942.9,1614.6,2.1,7.441,145.2,43,8.42,14.7595,35.8305,937.35,-0.545,3.3805,1.801,-2.463,-0.329,-3.2565,0.009,-1.9745,58.322,49.1095,0.1285,0.001876131114743,9.41009582316668,0.06,-0.91,4.69,3.2792,Mg 90 Ce 5 La 5,0.992857142857143,0.707142857142858,0.692857142857144,0.592857142857143,0.478571428571429,0.428571428571429,0.428571428571429,0.385714285714286,0.335714285714286,0.307142857142857,34.6439075630318,24.6228991596688,30.0630252100889,17.4086134453825,32.988445378155,13.4259453781546,27.837710084037,49.5992647058855,21.8014705882381,61.7993697479019
321,0,46,PCT,Ce0.05La0.05Mg0.9,Ce La Mg,0.05 0.05 0.9,0.05 0.05 0.9,0.05 0.05 0.9,0.05 0.05 0.9,1.74891272832705,0.726587416642505,Ln(P) MPa,1000/T,298.783819628648,613,613,-1.575998,2.06801062199466,16.55,3.3,1.6255,125.45,222.9,1.29,2.208,0.0485,942.9,1614.6,2.1,7.441,145.2,43,8.42,14.7595,35.8305,937.35,-0.545,3.3805,1.801,-2.463,-0.329,-3.2565,0.009,-1.9745,58.322,49.1095,0.1285,0.001937342570363,9.7171136314266,0.06,-0.91,4.69,3.2792,Mg 90 Ce 5 La 5,0.992857142857143,0.707142857142858,0.692857142857144,0.592857142857143,0.478571428571429,0.428571428571429,0.428571428571429,0.385714285714286,0.335714285714286,0.307142857142857,34.6439075630318,24.6228991596688,30.0630252100889,17.4086134453825,32.988445378155,13.4259453781546,27.837710084037,49.5992647058855,21.8014705882381,61.7993697479019
322,0,46,PCT,Ce0.05La0.05Mg0.9,Ce La Mg,0.05 0.05 0.9,0.05 0.05 0.9,0.05 0.05 0.9,0.05 0.05 0.9,1.85830675558133,0.200057987822557,Ln(P) MPa,1000/T,265.12428814379,593,593,-2.102527,1.22147371516436,16.55,3.3,1.6255,125.45,222.9,1.29,2.208,0.0485,942.9,1614.6,2.1,7.441,145.2,43,8.42,14.7595,35.8305,937.35,-0.545,3.3805,1.801,-2.463,-0.329,-3.2565,0.009,-1.9745,58.322,49.1095,0.1285,0.002002682960594,10.0448409039874,0.06,-0.91,4.69,3.2792,Mg 90 Ce 5 La 5,0.992857142857143,0.707142857142858,0.692857142857144,0.592857142857143,0.478571428571429,0.428571428571429,0.428571428571429,0.385714285714286,0.335714285714286,0.307142857142857,34.6439075630318,24.6228991596688,30.0630252100889,17.4086134453825,32.988445378155,13.4259453781546,27.837710084037,49.5992647058855,21.8014705882381,61.7993697479019
323,0,46,PCT,Ce0.1Mg0.9,Ce Mg,0.1 0.9,0.1 0.9,0.1 0.9,0.1 0.9,1.55440110459096,0.5822,Ln(P) MPa,1000/T,653,653,653,-0.540941,5.8220014419385,16.6,3.3,1.623,117,222.8,1.291,2.235,0.05,936.9,1613.5,2.1,7.439,145.1,42.7,8.38,14.677,35.891,937.2,-0.617,3.375,1.801,-2.494,-0.323,-3.267,0.009,-2.024,58.147,42.87,0.264,0.002077115507512,10.3144442244672,0.0566,-0.909,4.24,2.7029,Mg 90 Ce 10,0.965747607994106,0.738945818943549,0.633640944346935,0.546000113231043,0.412047783502232,0.39132650172677,0.339579912812089,0.31557493064598,0.31489554435826,0.291456717431917,34.917624412603,24.6113344278905,29.8210949442247,17.6408311158835,16.1818490630053,49.6586083904131,13.4229745796224,32.6965974070018,31.8269829587201,61.825284493001
324,0,46,PCT,Ce0.1Mg0.9,Ce Mg,0.1 0.9,0.1 0.9,0.1 0.9,0.1 0.9,1.65277873662409,0.3608,Ln(P) MPa,1000/T,633,633,633,-1.019431,3.60800177078399,16.6,3.3,1.623,117,222.8,1.291,2.235,0.05,936.9,1613.5,2.1,7.439,145.1,42.7,8.38,14.677,35.891,937.2,-0.617,3.375,1.801,-2.494,-0.323,-3.267,0.009,-2.024,58.147,42.87,0.264,0.002142743169677,10.6403350372466,0.0566,-0.909,4.24,2.7029,Mg 90 Ce 10,0.965747607994106,0.738945818943549,0.633640944346935,0.546000113231043,0.412047783502232,0.39132650172677,0.339579912812089,0.31557493064598,0.31489554435826,0.291456717431917,34.917624412603,24.6113344278905,29.8210949442247,17.6408311158835,16.1818490630053,49.6586083904131,13.4229745796224,32.6965974070018,31.8269829587201,61.825284493001
325,0,46,PCT,Ce0.1Mg0.9,Ce Mg,0.1 0.9,0.1 0.9,0.1 0.9,0.1 0.9,1.7560579910252,0.2156,Ln(P) MPa,1000/T,613,613,613,-1.53433,2.15600094852658,16.6,3.3,1.623,117,222.8,1.291,2.235,0.05,936.9,1613.5,2.1,7.439,145.1,42.7,8.38,14.677,35.891,937.2,-0.617,3.375,1.801,-2.494,-0.323,-3.267,0.009,-2.024,58.147,42.87,0.264,0.002212653224152,10.987491155917,0.0566,-0.909,4.24,2.7029,Mg 90 Ce 10,0.965747607994106,0.738945818943549,0.633640944346935,0.546000113231043,0.412047783502232,0.39132650172677,0.339579912812089,0.31557493064598,0.31489554435826,0.291456717431917,34.917624412603,24.6113344278905,29.8210949442247,17.6408311158835,16.1818490630053,49.6586083904131,13.4229745796224,32.6965974070018,31.8269829587201,61.825284493001
326,0,46,PCT,Ce0.1Mg0.9,Ce Mg,0.1 0.9,0.1 0.9,0.1 0.9,0.1 0.9,1.87065930272696,0.13,Ln(P) MPa,1000/T,593,593,593,-2.040221,1.29999977708454,16.6,3.3,1.623,117,222.8,1.291,2.235,0.05,936.9,1613.5,2.1,7.439,145.1,42.7,8.38,14.677,35.891,937.2,-0.617,3.375,1.801,-2.494,-0.323,-3.267,0.009,-2.024,58.147,42.87,0.264,0.002287278965271,11.3580642134521,0.0566,-0.909,4.24,2.7029,Mg 90 Ce 10,0.965747607994106,0.738945818943549,0.633640944346935,0.546000113231043,0.412047783502232,0.39132650172677,0.339579912812089,0.31557493064598,0.31489554435826,0.291456717431917,34.917624412603,24.6113344278905,29.8210949442247,17.6408311158835,16.1818490630053,49.6586083904131,13.4229745796224,32.6965974070018,31.8269829587201,61.825284493001
327,0,46,PCT,Ce0.05Mg0.9Nd0.05,Ce Mg Nd,0.05 0.9 0.05,0.05 0.9 0.05,0.05 0.9 0.05,0.05 0.9 0.05,1.87065930272696,0.3745,Ln(P) MPa,1000/T,653,653,653,-0.982163,3.74500178271354,16.7,3.3,1.6135,117,222.65,1.292,2.251,0.05,948.05,1595.1,2.1,7.4385,145.4,43.2,8.46,14.6585,36.097,937.1,-0.8515,3.3845,1.8,-2.6305,-0.329,-3.2535,0.009,-1.966,58.1265,48.6875,0.123,0.001828283404137,9.18187620110284,0.0539,-0.908,3.16,3.2792,Mg 90 Ce 5 Nd 5,1.05555555555556,0.388888888888889,0.333333333333333,0.272222222222222,0.222222222222222,0.205555555555555,0.2,0.194444444444444,0.188888888888889,0.177777777777778,34.4210317460195,24.4686507936424,29.7583333333253,17.6198412698336,32.0519841269767,21.0531746031673,16.1964285714213,55.3396825396753,49.0543650793579,61.3408730158659
328,0,46,PCT,Ce0.05Mg0.9Nd0.05,Ce Mg Nd,0.05 0.9 0.05,0.05 0.9 0.05,0.05 0.9 0.05,0.05 0.9 0.05,1.87065930272696,0.2342,Ln(P) MPa,1000/T,633,633,633,-1.45158,2.34199959675101,16.7,3.3,1.6135,117,222.65,1.292,2.251,0.05,948.05,1595.1,2.1,7.4385,145.4,43.2,8.46,14.6585,36.097,937.1,-0.8515,3.3845,1.8,-2.6305,-0.329,-3.2535,0.009,-1.966,58.1265,48.6875,0.123,0.001886049072514,9.47198287412347,0.0539,-0.908,3.16,3.2792,Mg 90 Ce 5 Nd 5,1.05555555555556,0.388888888888889,0.333333333333333,0.272222222222222,0.222222222222222,0.205555555555555,0.2,0.194444444444444,0.188888888888889,0.177777777777778,34.4210317460195,24.4686507936424,29.7583333333253,17.6198412698336,32.0519841269767,21.0531746031673,16.1964285714213,55.3396825396753,49.0543650793579,61.3408730158659
329,0,46,PCT,Ce0.05Mg0.9Nd0.05,Ce Mg Nd,0.05 0.9 0.05,0.05 0.9 0.05,0.05 0.9 0.05,0.05 0.9 0.05,1.87065930272696,0.1411,Ln(P) MPa,1000/T,613,613,613,-1.958286,1.4110005927942,16.7,3.3,1.6135,117,222.65,1.292,2.251,0.05,948.05,1595.1,2.1,7.4385,145.4,43.2,8.46,14.6585,36.097,937.1,-0.8515,3.3845,1.8,-2.6305,-0.329,-3.2535,0.009,-1.966,58.1265,48.6875,0.123,0.001947584115663,9.78101983575882,0.0539,-0.908,3.16,3.2792,Mg 90 Ce 5 Nd 5,1.05555555555556,0.388888888888889,0.333333333333333,0.272222222222222,0.222222222222222,0.205555555555555,0.2,0.194444444444444,0.188888888888889,0.177777777777778,34.4210317460195,24.4686507936424,29.7583333333253,17.6198412698336,32.0519841269767,21.0531746031673,16.1964285714213,55.3396825396753,49.0543650793579,61.3408730158659
330,0,46,PCT,Ce0.05Mg0.9Nd0.05,Ce Mg Nd,0.05 0.9 0.05,0.05 0.9 0.05,0.05 0.9 0.05,0.05 0.9 0.05,1.87065930272696,0.0823,Ln(P) MPa,1000/T,593,593,593,-2.497384,0.823000140979182,16.7,3.3,1.6135,117,222.65,1.292,2.251,0.05,948.05,1595.1,2.1,7.4385,145.4,43.2,8.46,14.6585,36.097,937.1,-0.8515,3.3845,1.8,-2.6305,-0.329,-3.2535,0.009,-1.966,58.1265,48.6875,0.123,0.002013269920575,10.1109024609109,0.0539,-0.908,3.16,3.2792,Mg 90 Ce 5 Nd 5,1.05555555555556,0.388888888888889,0.333333333333333,0.272222222222222,0.222222222222222,0.205555555555555,0.2,0.194444444444444,0.188888888888889,0.177777777777778,34.4210317460195,24.4686507936424,29.7583333333253,17.6198412698336,32.0519841269767,21.0531746031673,16.1964285714213,55.3396825396753,49.0543650793579,61.3408730158659
